<?xml version="1.0" encoding="UTF-8"?>
<?xml-stylesheet type="text/css" href="CDmusica.css"?>

<cdMusica>
    <parteSuperior>
        <imagen>
            
        </imagen>
        <artista>
            <tema>ARTISTA:</tema> <respuesta>Quevedo</respuesta>
        </artista>
        <titulo>
            <tema>TITULO:</tema> <respuesta>BUENAS NOCHES</respuesta>
        </titulo>
        <sello>
            <tema>SELLO:</tema> <respuesta>@rimas</respuesta>
        </sello>
        <anio>
            <tema>AÑO:</tema> <respuesta>2001</respuesta>
        </anio>
        <pais>
            <tema>PAIS:</tema> <respuesta>España</respuesta>
        </pais>
        <formato>
            <tema>FORMATO:</tema> <respuesta>Vinilo</respuesta>
        </formato>
        <genero>
            <tema>GENERO:</tema> <respuesta>Reggaeton, Trap latino, Pop rap</respuesta>
        </genero>
    </parteSuperior>

    <parteInferior>
        
        <cd1>
            CD 01
        </cd1>

        <lista>
            <cancion>
                01 KASSANDRA <duracion>- [3:30s]</duracion> 
            </cancion>
            <cancion>
                02 DURO <duracion>- [3:13s]</duracion> 
            </cancion>
            <cancion>
                03 IGUALES <duracion>- [2:59s]</duracion> 
            </cancion>
            <cancion>
                04 GRAN VÍA <duracion>- [3:34s]</duracion> 
            </cancion>
            <cancion>
                05 CHAPIADORA.COM <duracion>- [3:22s]</duracion> 
            </cancion>
            <cancion>
                06 POR ATRÁS <duracion>- [2:57s]</duracion> 
            </cancion>
            <cancion>
                07 14 FEBREROS <duracion>- [2:57s]</duracion> 
            </cancion>
            <cancion>
                08 LA 125 <duracion>- [3:19s]</duracion> 
            </cancion>
            <cancion>
                09 HALO <duracion>- [3:06s]</duracion> 
            </cancion>
            <cancion>
                10 MR. MOONDIAL <duracion>- [2:51s]  </duracion> 
            </cancion>
            <cancion>
                11 QUE ASCO DE TODO <duracion>- [3:17s]</duracion> 
            </cancion>
            <cancion>
                12 NOEMÚ <duracion>- [3:33s]</duracion> 
            </cancion>
            <cancion>
                13 SHIBATTO <duracion>- [2:20s]</duracion> 
            </cancion>
            <cancion>
                14 LOS DIAS CONTADOS <duracion>- [2:43s]</duracion> 
            </cancion>
            <cancion>
                15 EL ESTRIBILLO <duracion>- [2:43s]</duracion> 
            </cancion>
            <cancion>
                16 AMANECIÓ <duracion>- [4:16s]</duracion> 
            </cancion>
            <cancion>
                17 TE FALLÉ <duracion>- [3:40s]</duracion> 
            </cancion>
            <cancion>
                18 BUENAS NOCHES <duracion>- [4:05s]</duracion> 
            </cancion>
        </lista>
    </parteInferior>
</cdMusica>