<?xml version="1.0" encoding="UTF-8"?>
<?xml-stylesheet type="text/css" href="Ejercicio4.css"?>

<portada>
    <parteSuperior>
        <em>
            Ewan McGregor
        </em>

        <af>
            Albert Finney
        </af>

        <bc>
            Billy Crudup
        </bc>

        <jl>
            Jessica Lange
        </jl>

        <promo>
            Una película de Tim Burton
        </promo>

    </parteSuperior>

    <mitad> 
        <titulo>
            Big Fish
        </titulo>
    </mitad>

    <parteInferior>
        UNA AVENTURA TAN GRANDE COMO LA VIDA MISMA
    </parteInferior>
</portada>