<?xml version="1.0" encoding="UTF-8"?>
<NBA>
    <equipos>
        <gsw>

            <jugador>
                <nombre>Stephen Curry</nombre>
                <nacimiento>1988</nacimiento> 
                <estatura unidad="metros">1,88m</estatura>
                <peso unidad="kilogramos">84kg</peso>
                <posicion>Base</posicion>
            </jugador>

            <equipo>Golden State Warriors</equipo>

            <entrenador>Steve Kerr</entrenador>

            <campo>Chase Center</campo>

        </gsw>
        
        <lal>
            
            <jugador>
                <nombre>LeBron "King" James</nombre>
                <nacimiento>1984</nacimiento> 
                <estatura unidad="metros">2,06m</estatura>
                <peso unidad="kilogramos">113kg</peso>
                <posicion>Alero</posicion>
            </jugador>

            <equipo>Los Angeles Lakers</equipo>

            <entrenador>Jonathan Clay Redick</entrenador>

            <campo>Crypto.com Arena</campo>
        </lal>

        <mt>
                        
            <jugador>
                <nombre>Anthony Edwards</nombre>
                <nacimiento>2001</nacimiento> 
                <estatura unidad="metros">1,93m</estatura>
                <peso unidad="kilogramos">102kg</peso>
                <posicion>Escolta</posicion>
            </jugador>

            <equipo>Minnesota Timberwolves</equipo>

            <entrenador>Christopher Finch</entrenador>

            <campo>Target Center</campo>

        </mt>

        <ww>

            <jugador>
                <nombre>Jordan Poole</nombre>
                <nacimiento>1999</nacimiento> 
                <estatura unidad="metros">1,93m</estatura>
                <peso unidad="kilogramos">88kg</peso>
                <posicion>Escolta</posicion>
            </jugador>

            <equipo>Washington Wizzards</equipo>

            <entrenador>Sin entrenador</entrenador>

            <campo>Capital One Arena</campo>

        </ww>

        <dm>

            <jugador>
                <nombre>Luka Dončić</nombre>
                <nacimiento>1999</nacimiento> 
                <estatura unidad="metros">1,98m</estatura>
                <peso unidad="kilogramos">104kg</peso>
                <posicion>Base/Escolta</posicion>
            </jugador>

            <equipo>Dallas Mavericks</equipo>

            <entrenador>Jason Kidd</entrenador>

            <campo>American Airlines Center</campo>

        </dm>
    </equipos>
</NBA>